<resources>
    <color name="md_theme_primary">#34618D</color>
    <color name="md_theme_onPrimary">#FFFFFF</color>
    <color name="md_theme_primaryContainer">#D0E4FF</color>
    <color name="md_theme_onPrimaryContainer">#001D35</color>
    <color name="md_theme_secondary">#525F70</color>
    <color name="md_theme_onSecondary">#FFFFFF</color>
    <color name="md_theme_secondaryContainer">#D6E4F7</color>
    <color name="md_theme_onSecondaryContainer">#0F1D2A</color>
    <color name="md_theme_tertiary">#6A5779</color>
    <color name="md_theme_onTertiary">#FFFFFF</color>
    <color name="md_theme_tertiaryContainer">#F1DAFF</color>
    <color name="md_theme_onTertiaryContainer">#241432</color>
    <color name="md_theme_error">#BA1A1A</color>
    <color name="md_theme_onError">#FFFFFF</color>
    <color name="md_theme_errorContainer">#FFDAD6</color>
    <color name="md_theme_onErrorContainer">#410002</color>
    <color name="md_theme_background">#F8F9FF</color>
    <color name="md_theme_onBackground">#191C20</color>
    <color name="md_theme_surface">#F8F9FF</color>
    <color name="md_theme_onSurface">#191C20</color>
    <color name="md_theme_surfaceVariant">#DFE3EB</color>
    <color name="md_theme_onSurfaceVariant">#42474E</color>
    <color name="md_theme_outline">#73777F</color>
    <color name="md_theme_outlineVariant">#C2C7CF</color>
    <color name="md_theme_scrim">#000000</color>
    <color name="md_theme_inverseSurface">#2D3135</color>
    <color name="md_theme_inverseOnSurface">#EFF0F7</color>
    <color name="md_theme_inversePrimary">#9FCAFC</color>
    <color name="md_theme_primaryFixed">#D0E4FF</color>
    <color name="md_theme_onPrimaryFixed">#001D35</color>
    <color name="md_theme_primaryFixedDim">#9FCAFC</color>
    <color name="md_theme_onPrimaryFixedVariant">#164974</color>
    <color name="md_theme_secondaryFixed">#D6E4F7</color>
    <color name="md_theme_onSecondaryFixed">#0F1D2A</color>
    <color name="md_theme_secondaryFixedDim">#BAC8DB</color>
    <color name="md_theme_onSecondaryFixedVariant">#3B4857</color>
    <color name="md_theme_tertiaryFixed">#F1DAFF</color>
    <color name="md_theme_onTertiaryFixed">#241432</color>
    <color name="md_theme_tertiaryFixedDim">#D5BEE5</color>
    <color name="md_theme_onTertiaryFixedVariant">#514060</color>
    <color name="md_theme_surfaceDim">#D8DAE0</color>
    <color name="md_theme_surfaceBright">#F8F9FF</color>
    <color name="md_theme_surfaceContainerLowest">#FFFFFF</color>
    <color name="md_theme_surfaceContainerLow">#F2F3F9</color>
    <color name="md_theme_surfaceContainer">#ECEEF4</color>
    <color name="md_theme_surfaceContainerHigh">#E6E8EE</color>
    <color name="md_theme_surfaceContainerHighest">#E1E2E8</color>
    <color name="md_theme_primary_mediumContrast">#104570</color>
    <color name="md_theme_onPrimary_mediumContrast">#FFFFFF</color>
    <color name="md_theme_primaryContainer_mediumContrast">#4C78A5</color>
    <color name="md_theme_onPrimaryContainer_mediumContrast">#FFFFFF</color>
    <color name="md_theme_secondary_mediumContrast">#374453</color>
    <color name="md_theme_onSecondary_mediumContrast">#FFFFFF</color>
    <color name="md_theme_secondaryContainer_mediumContrast">#687687</color>
    <color name="md_theme_onSecondaryContainer_mediumContrast">#FFFFFF</color>
    <color name="md_theme_tertiary_mediumContrast">#4D3C5C</color>
    <color name="md_theme_onTertiary_mediumContrast">#FFFFFF</color>
    <color name="md_theme_tertiaryContainer_mediumContrast">#816D90</color>
    <color name="md_theme_onTertiaryContainer_mediumContrast">#FFFFFF</color>
    <color name="md_theme_error_mediumContrast">#8C0009</color>
    <color name="md_theme_onError_mediumContrast">#FFFFFF</color>
    <color name="md_theme_errorContainer_mediumContrast">#DA342E</color>
    <color name="md_theme_onErrorContainer_mediumContrast">#FFFFFF</color>
    <color name="md_theme_background_mediumContrast">#F8F9FF</color>
    <color name="md_theme_onBackground_mediumContrast">#191C20</color>
    <color name="md_theme_surface_mediumContrast">#F8F9FF</color>
    <color name="md_theme_onSurface_mediumContrast">#191C20</color>
    <color name="md_theme_surfaceVariant_mediumContrast">#DFE3EB</color>
    <color name="md_theme_onSurfaceVariant_mediumContrast">#3E434A</color>
    <color name="md_theme_outline_mediumContrast">#5B5F67</color>
    <color name="md_theme_outlineVariant_mediumContrast">#767B83</color>
    <color name="md_theme_scrim_mediumContrast">#000000</color>
    <color name="md_theme_inverseSurface_mediumContrast">#2D3135</color>
    <color name="md_theme_inverseOnSurface_mediumContrast">#EFF0F7</color>
    <color name="md_theme_inversePrimary_mediumContrast">#9FCAFC</color>
    <color name="md_theme_primaryFixed_mediumContrast">#4C78A5</color>
    <color name="md_theme_onPrimaryFixed_mediumContrast">#FFFFFF</color>
    <color name="md_theme_primaryFixedDim_mediumContrast">#315F8B</color>
    <color name="md_theme_onPrimaryFixedVariant_mediumContrast">#FFFFFF</color>
    <color name="md_theme_secondaryFixed_mediumContrast">#687687</color>
    <color name="md_theme_onSecondaryFixed_mediumContrast">#FFFFFF</color>
    <color name="md_theme_secondaryFixedDim_mediumContrast">#505D6D</color>
    <color name="md_theme_onSecondaryFixedVariant_mediumContrast">#FFFFFF</color>
    <color name="md_theme_tertiaryFixed_mediumContrast">#816D90</color>
    <color name="md_theme_onTertiaryFixed_mediumContrast">#FFFFFF</color>
    <color name="md_theme_tertiaryFixedDim_mediumContrast">#675576</color>
    <color name="md_theme_onTertiaryFixedVariant_mediumContrast">#FFFFFF</color>
    <color name="md_theme_surfaceDim_mediumContrast">#D8DAE0</color>
    <color name="md_theme_surfaceBright_mediumContrast">#F8F9FF</color>
    <color name="md_theme_surfaceContainerLowest_mediumContrast">#FFFFFF</color>
    <color name="md_theme_surfaceContainerLow_mediumContrast">#F2F3F9</color>
    <color name="md_theme_surfaceContainer_mediumContrast">#ECEEF4</color>
    <color name="md_theme_surfaceContainerHigh_mediumContrast">#E6E8EE</color>
    <color name="md_theme_surfaceContainerHighest_mediumContrast">#E1E2E8</color>
    <color name="md_theme_primary_highContrast">#002440</color>
    <color name="md_theme_onPrimary_highContrast">#FFFFFF</color>
    <color name="md_theme_primaryContainer_highContrast">#104570</color>
    <color name="md_theme_onPrimaryContainer_highContrast">#FFFFFF</color>
    <color name="md_theme_secondary_highContrast">#162331</color>
    <color name="md_theme_onSecondary_highContrast">#FFFFFF</color>
    <color name="md_theme_secondaryContainer_highContrast">#374453</color>
    <color name="md_theme_onSecondaryContainer_highContrast">#FFFFFF</color>
    <color name="md_theme_tertiary_highContrast">#2B1B39</color>
    <color name="md_theme_onTertiary_highContrast">#FFFFFF</color>
    <color name="md_theme_tertiaryContainer_highContrast">#4D3C5C</color>
    <color name="md_theme_onTertiaryContainer_highContrast">#FFFFFF</color>
    <color name="md_theme_error_highContrast">#4E0002</color>
    <color name="md_theme_onError_highContrast">#FFFFFF</color>
    <color name="md_theme_errorContainer_highContrast">#8C0009</color>
    <color name="md_theme_onErrorContainer_highContrast">#FFFFFF</color>
    <color name="md_theme_background_highContrast">#F8F9FF</color>
    <color name="md_theme_onBackground_highContrast">#191C20</color>
    <color name="md_theme_surface_highContrast">#F8F9FF</color>
    <color name="md_theme_onSurface_highContrast">#000000</color>
    <color name="md_theme_surfaceVariant_highContrast">#DFE3EB</color>
    <color name="md_theme_onSurfaceVariant_highContrast">#1F242B</color>
    <color name="md_theme_outline_highContrast">#3E434A</color>
    <color name="md_theme_outlineVariant_highContrast">#3E434A</color>
    <color name="md_theme_scrim_highContrast">#000000</color>
    <color name="md_theme_inverseSurface_highContrast">#2D3135</color>
    <color name="md_theme_inverseOnSurface_highContrast">#FFFFFF</color>
    <color name="md_theme_inversePrimary_highContrast">#E1EDFF</color>
    <color name="md_theme_primaryFixed_highContrast">#104570</color>
    <color name="md_theme_onPrimaryFixed_highContrast">#FFFFFF</color>
    <color name="md_theme_primaryFixedDim_highContrast">#002E51</color>
    <color name="md_theme_onPrimaryFixedVariant_highContrast">#FFFFFF</color>
    <color name="md_theme_secondaryFixed_highContrast">#374453</color>
    <color name="md_theme_onSecondaryFixed_highContrast">#FFFFFF</color>
    <color name="md_theme_secondaryFixedDim_highContrast">#212E3C</color>
    <color name="md_theme_onSecondaryFixedVariant_highContrast">#FFFFFF</color>
    <color name="md_theme_tertiaryFixed_highContrast">#4D3C5C</color>
    <color name="md_theme_onTertiaryFixed_highContrast">#FFFFFF</color>
    <color name="md_theme_tertiaryFixedDim_highContrast">#362644</color>
    <color name="md_theme_onTertiaryFixedVariant_highContrast">#FFFFFF</color>
    <color name="md_theme_surfaceDim_highContrast">#D8DAE0</color>
    <color name="md_theme_surfaceBright_highContrast">#F8F9FF</color>
    <color name="md_theme_surfaceContainerLowest_highContrast">#FFFFFF</color>
    <color name="md_theme_surfaceContainerLow_highContrast">#F2F3F9</color>
    <color name="md_theme_surfaceContainer_highContrast">#ECEEF4</color>
    <color name="md_theme_surfaceContainerHigh_highContrast">#E6E8EE</color>
    <color name="md_theme_surfaceContainerHighest_highContrast">#E1E2E8</color>
</resources>
